Otorhinolaryngologist,21
incontrovertible,16
Perepodvypodvert,16
Ultracrepidarian,16
anthropomorphic,15
inconsequential,15
notwithstanding,15
Philogrobolized,15
Quomodocunquize,15
unexceptionable,15
circumlocution,14
disapprobation,14
Discombobulate,14
discriminating,14
unconscionable,14
Worcestershire,14
anachronistic,13
comprehensive,13
conflagration,13
conscientious,13
Daguerreotype,13
discretionary,13
dispassionate,13
effervescence,13
expostulation,13
grandiloquent,13
idiosyncratic,13
imperturbable,13
manifestation,13
paraphernalia,13
philanthropic,13
philosophical,13
preponderance,13
preternatural,13
prognosticate,13
pusillanimous,13
sanctimonious,13
superannuated,13
surreptitious,13
Transgression,13
unimpeachable,13
adventitious,12
antediluvian,12
appurtenance,12
blandishment,12
circumscribe,12
Collywobbles,12
commensurate,12
conservatory,12
constituency,12
Crambo-clink,12
demonstrable,12
disconsolate,12
disquisition,12
embezzlement,12
encroachment,12
Epistemology,12
exploitation,12
Gerontocracy,12
heterogenous,12
idiosyncrasy,12
incandescent,12
incorrigible,12
inflammatory,12
Inisitijitty,12
interlocutor,12
interminable,12
intransigent,12
multifarious,12
obstreperous,12
parsimonious,12
pathological,12
pertinacious,12
practitioner,12
predilection,12
readjustment,12
recalcitrant,12
supercilious,12
Tergiversate,12
approbation,11
Bang-a-bonk,11
camaraderie,11
categorical,11
Cattywampus,11
Circumspect,11
clandestine,11
commiserate,11
compunction,11
concomitant,11
connotation,11
conspicuous,11
constituent,11
constrained,11
contentious,11
countermand,11
depredation,11
disaffected,11
disposition,11
dissimulate,11
diversified,11
enfranchise,11
extravagant,11
Flabbergast,11
forbearance,11
functionary,11
Homogeneous,11
Hum durgeon,11
ignominious,11
illustrious,11
impecunious,11
impertinent,11
importunate,11
improvident,11
incongruity,11
inscrutable,11
interpolate,11
irreverence,11
legerdemain,11
libertarian,11
machination,11
magisterial,11
misanthrope,11
Misanthropy,11
Nedoperepil,11
overbearing,11
overweening,11
Overwrought,11
perspicuous,11
Pochemuchka,11
predecessor,11
proletarian,11
promiscuous,11
prospective,11
pulchritude,11
punctilious,11
rationalism,11
reactionary,11
redoubtable,11
reprobation,11
requisition,11
sententious,11
serendipity,11
Snickersnee,11
substantial,11
Syncopation,11
Treacherous,11
triumvirate,11
undertaking,11
unfaltering,11
unmitigated,11
utilitarian,11
vicissitude,11
aberration,10
abnegation,10
abstemious,10
accentuate,10
adulterate,10
aggrandize,10
amalgamate,10
ambivalent,10
antiseptic,10
antithesis,10
apocryphal,10
apotheosis,10
archetypal,10
ascendancy,10
astringent,10
Bamboozled,10
cadaverous,10
capitulate,10
capricious,10
Chauvinism,10
circumvent,10
Compendium,10
complement,10
confluence,10
consecrate,10
contravene,10
convalesce,10
corpulence,10
demoralize,10
denouement,10
derivative,10
diaphanous,10
diffidence,10
Dilettante,10
disconcert,10
discordant,10
discursive,10
effulgence,10
entomology,10
epistolary,10
equanimity,10
evanescent,10
exacerbate,10
exasperate,10
exorbitant,10
extraneous,10
factitious,10
fallacious,10
Famelicose,10
felicitous,10
foreboding,10
fortuitous,10
gratuitous,10
iconoclast,10
implacable,10
imposition,10
incidental,10
indication,10
inexorable,10
infallible,10
ingratiate,10
inimitable,10
iniquitous,10
injunction,10
intimation,10
inveterate,10
invocation,10
irresolute,10
lachrymose,10
licentious,10
livelihood,10
loquacious,10
lugubrious,10
malcontent,10
malevolent,10
mendacious,10
Monolithic,10
mountebank,10
munificent,10
nonplussed,10
omniscient,10
Omperlodge,10
ostensible,10
partiality,10
pejorative,10
peremptory,10
perfidious,10
pernicious,10
peroration,10
perpetrate,10
Philistine,10
phlegmatic,10
pontifical,10
procedural,10
proceeding,10
proclivity,10
profligate,10
projection,10
promulgate,10
propensity,10
propitiate,10
propitious,10
pugnacious,10
Quiescence,10
recovering,10
refractory,10
restrained,10
scrupulous,10
scrutinize,10
scurrilous,10
smattering,10
solicitous,10
stentorian,10
stupendous,10
tangential,10
Taradiddle,10
threadbare,10
ubiquitous,10
unaffected,10
unassuming,10
vituperate,10
vociferous,10
xenophobia,10
Abasement,9
Accession,9
accretion,9
acquiesce,9
adulation,9
adumbrate,9
amorphous,9
apathetic,9
apologist,9
arbitrary,9
arbitrate,9
archetype,9
ascertain,9
aspersion,9
assiduous,9
Audacious,9
avocation,9
beleaguer,9
benighted,9
betrothed,9
bombastic,9
Bumfuzzle,9
Burlesque,9
Cacophony,9
Canonical,9
Catharsis,9
checkered,9
cognizant,9
collation,9
congruity,9
Conscript,9
contrived,9
contusion,9
convivial,9
corpulent,9
Credulous,9
decadence,9
declivity,9
deference,9
demagogue,9
denigrate,9
Depravity,9
diffident,9
discomfit,9
disembark,9
disparate,9
disrepute,9
dissemble,9
duplicity,9
Dyspeptic,9
ebullient,9
effluvium,9
egregious,9
elaborate,9
Elucidate,9
emollient,9
emolument,9
empirical,9
enrapture,9
ephemeral,9
equivocal,9
Erstwhile,9
execrable,9
expatiate,9
expedient,9
explicate,9
expurgate,9
extenuate,9
firebrand,9
foolhardy,9
Forestall,9
fortitude,9
fractious,9
frustrate,9
fulminate,9
Fusillade,9
Galvanize,9
garrulous,9
gentility,9
hackneyed,9
harrowing,9
herculean,9
hermitage,9
Heterodox,9
humiliate,9
husbandry,9
Immutable,9
impetuous,9
impolitic,9
imposture,9
incipient,9
inclement,9
inclusive,9
inculcate,9
incumbent,9
indemnify,9
Indolence,9
ingrained,9
inoculate,9
insensate,9
insidious,9
insinuate,9
instigate,9
insurgent,9
interdict,9
invective,9
invidious,9
Irascible,9
Itinerant,9
Libertine,9
lineament,9
luxuriant,9
maelstrom,9
makeshift,9
malleable,9
masticate,9
mendicant,9
mercurial,9
microcosm,9
multitude,9
negligent,9
nonentity,9
Normative,9
obfuscate,9
objective,9
officious,9
ostracism,9
outskirts,9
palatable,9
palpitate,9
parochial,9
patrician,9
patronize,9
pedagogue,9
pendulous,9
penurious,9
perpetual,9
philology,9
platitude,9
plenitude,9
poignancy,9
polemical,9
Poshlost’,9
postulate,9
potentate,9
precision,9
Prophetic,9
propriety,9
proscribe,9
provender,9
querulous,9
Quotidian,9
recondite,9
refectory,9
rejoinder,9
remission,9
reprobate,9
retentive,9
Reticence,9
revulsion,9
saturnine,9
scintilla,9
semaphore,9
semblance,9
Sobriquet,9
Soliloquy,9
solipsism,9
Soporific,9
squeamish,9
Stipulate,9
stricture,9
subaltern,9
subjugate,9
sublimate,9
suppliant,9
suspended,9
sycophant,9
syllogism,9
Temperate,9
temporize,9
tenacious,9
trappings,9
trenchant,9
truculent,9
turpitude,9
unanimity,9
venerable,9
veracious,9
veritable,9
vitriolic,9
Whitewash,9
Abeyance,8
abrogate,8
abstruse,8
accolade,8
acrimony,8
admonish,8
advocate,8
affluent,8
aggrieve,8
alacrity,8
Altruism,8
ambrosia,8
amenable,8
amicable,8
anathema,8
aphorism,8
apostate,8
apposite,8
aquiline,8
arboreal,8
arrogate,8
asperity,8
auspices,8
automate,8
aversion,8
badinage,8
beatific,8
bequeath,8
blighted,8
Blowhard,8
bouillon,8
captious,8
cardinal,8
Catalyst,8
cavalier,8
chastise,8
choleric,8
Coalesce,8
coiffure,8
Confound,8
conjugal,8
construe,8
contrite,8
contrive,8
credence,8
credible,8
cupidity,8
delicacy,8
derelict,8
diatribe,8
didactic,8
discreet,8
disgorge,8
dispatch,8
divisive,8
doggerel,8
dogmatic,8
eclectic,8
ellipsis,8
emblazon,8
encumber,8
enduring,8
enervate,8
engender,8
ensconce,8
Esoteric,8
estrange,8
execrate,8
exegesis,8
Exemplar,8
exertion,8
exigency,8
factious,8
flagrant,8
flotilla,8
flourish,8
forebear,8
Frenetic,8
frontier,8
fructify,8
Gardyloo,8
Glazomer,8
Gossamer,8
gourmand,8
grudging,8
Harangue,8
headlong,8
hegemony,8
Hermetic,8
hireling,8
homespun,8
hoodwink,8
ideology,8
ignominy,8
imposing,8
inchoate,8
incisive,8
inimical,8
intrepid,8
intrigue,8
Lambaste,8
largesse,8
latitude,8
libretto,8
linchpin,8
Listless,8
litigant,8
Lothario,8
luminary,8
madrigal,8
mannered,8
maverick,8
monetary,8
moribund,8
neophyte,8
nihilist,8
obdurate,8
oratorio,8
pacifist,8
palatial,8
palliate,8
paradigm,8
partisan,8
Pastiche,8
pastoral,8
pedantic,8
pellucid,8
penchant,8
permeate,8
petulant,8
plethora,8
preclude,8
proceeds,8
Prolific,8
prurient,8
puissant,8
quagmire,8
quandary,8
quixotic,8
rarefied,8
recourse,8
redolent,8
relegate,8
renegade,8
reprieve,8
resonant,8
retainer,8
reticent,8
retiring,8
retrench,8
rhetoric,8
rudiment,8
sanction,8
sanguine,8
sardonic,8
scabbard,8
sedulous,8
sentient,8
sentinel,8
sinecure,8
skittish,8
sobriety,8
sonorous,8
specious,8
spectral,8
spurious,8
Squirrel,8
stultify,8
Subpoena,8
suffrage,8
sybarite,8
symmetry,8
Synoptic,8
testator,8
travesty,8
tribunal,8
tutelage,8
ulterior,8
ungainly,8
unseemly,8
untoward,8
unwonted,8
venerate,8
veracity,8
vestment,8
virtuoso,8
Virulent,8
Volatile,8
Abreast,7
abscond,7
Abstain,7
abysmal,7
Acerbic,7
Acolyte,7
actuate,7
adamant,7
adverse,7
affable,7
afflict,7
Anemone,7
anodyne,7
anomaly,7
Apostle,7
appease,7
Apprise,7
apropos,7
Arbiter,7
Artless,7
ascetic,7
ascribe,7
askance,7
asunder,7
atavism,7
atrophy,7
Austere,7
avarice,7
baleful,7
Barrage,7
bashful,7
beguile,7
bemused,7
beseech,7
besiege,7
betoken,7
bilious,7
blatant,7
bluster,7
Boycott,7
Bucolic,7
bullion,7
bulwark,7
burgeon,7
burnish,7
callous,7
calumny,7
caprice,7
carouse,7
carrion,7
chagrin,7
chronic,7
clarion,7
Cloture,7
cobbler,7
codicil,7
cognate,7
Colonel,7
comport,7
conceit,7
Condone,7
conduit,7
congeal,7
conjure,7
connive,7
consign,7
Coterie,7
crabbed,7
crevice,7
cryptic,7
debacle,7
debauch,7
decorum,7
defunct,7
deprave,7
derived,7
despoil,7
devolve,7
Diffuse,7
disport,7
distend,7
Diurnal,7
divulge,7
dutiful,7
Echelon,7
edifice,7
elysian,7
embroil,7
emulate,7
enclave,7
Endemic,7
entreat,7
equable,7
espouse,7
eugenic,7
Euphony,7
exigent,7
expiate,7
exploit,7
expunge,7
Faction,7
fanfare,7
fatuous,7
fawning,7
fervent,7
fissure,7
Foppish,7
forsake,7
fraught,7
Gainsay,7
genesis,7
gestate,7
granary,7
grapple,7
gravity,7
Halcyon,7
halting,7
hapless,7
hummock,7
Ignoble,7
Impasse,7
impetus,7
impiety,7
impinge,7
imposed,7
Incubus,7
Ingrate,7
Inquest,7
Insipid,7
irksome,7
Isthmus,7
laconic,7
laggard,7
languid,7
Larceny,7
Magnate,7
malaise,7
manumit,7
maudlin,7
mawkish,7
meander,7
mincing,7
miserly,7
modicum,7
mordant,7
mortify,7
mundane,7
Nascent,7
noisome,7
nominal,7
nonplus,7
Nostrum,7
noxious,7
Oblique,7
obloquy,7
obtrude,7
obviate,7
Occlude,7
ominous,7
onerous,7
panacea,7
Panache,7
Panoply,7
parable,7
partial,7
paucity,7
Penguin,7
Pertain,7
pervade,7
Phalanx,7
pillage,7
Placate,7
plaudit,7
Polemic,7
portent,7
prattle,7
precept,7
premise,7
presage,7
probity,7
Prosaic,7
protean,7
provoke,7
prowess,7
Prudish,7
puerile,7
purport,7
quibble,7
raiment,7
rampart,7
ranging,7
reprise,7
rescind,7
retinue,7
revelry,7
reverie,7
roseate,7
Salient,7
sextant,7
sherbet,7
sinuous,7
sleight,7
spangle,7
squalor,7
stilted,7
stratum,7
striate,7
suavity,7
Sublime,7
subside,7
surfeit,7
swarthy,7
tenable,7
traduce,7
umbrage,7
uncouth,7
unction,7
upbraid,7
Verbose,7
Verdant,7
vestige,7
vintner,7
Viscous,7
Vitiate,7
Vitriol,7
voluble,7
warrant,7
wheedle,7
Whittle,7
willful,7
winsome,7
wistful,7
Wizened,7
wrangle,7
Zwodder,7
abject,6
abjure,6
accede,6
accost,6
acumen,6
adjure,6
advert,6
alcove,6
allege,6
animus,6
Apathy,6
append,6
arcane,6
Armada,6
assail,6
assent,6
augury,6
august,6
banter,6
bauble,6
bemuse,6
bereft,6
bestow,6
blanch,6
Blight,6
Blithe,6
brooch,6
cajole,6
Canard,6
candid,6
candor,6
careen,6
caucus,6
cavort,6
clamor,6
cleave,6
Coffer,6
cogent,6
cohere,6
cohort,6
Cosset,6
craven,6
dapper,6
dearth,6
debase,6
debunk,6
decree,6
deduce,6
defray,6
depose,6
Deride,6
descry,6
despot,6
device,6
diadem,6
Dictum,6
Dilate,6
dispel,6
Divest,6
Docile,6
dogged,6
dormer,6
dotage,6
dulcet,6
duress,6
effete,6
Effigy,6
Egress,6
elicit,6
emboss,6
emetic,6
enamor,6
enigma,6
enjoin,6
Enlist,6
errant,6
Ersatz,6
eschew,6
esteem,6
evince,6
excise,6
exhort,6
extant,6
extort,6
facile,6
Fallow,6
Falter,6
fathom,6
fetter,6
fiasco,6
fitful,6
Florid,6
Foible,6
Forage,6
foster,6
Fracas,6
fresco,6
Frieze,6
Fringe,6
gadfly,6
Gambit,6
garble,6
garish,6
Garner,6
gentry,6
glower,6
gratis,6
grisly,6
Grouse,6
Grovel,6
haggle,6
heyday,6
Homage,6
homily,6
hubbub,6
hurtle,6
imbibe,6
immure,6
impart,6
Impugn,6
impute,6
Incise,6
indite,6
infest,6
innate,6
inured,6
Jalopy,6
jocund,6
junket,6
kindle,6
Lacuna,6
lancet,6
larder,6
levity,6
Limpid,6
malice,6
Malign,6
maraud,6
mettle,6
Milieu,6
Minion,6
Modest,6
Modish,6
morass,6
morbid,6
Morose,6
muster,6
Myopic,6
nettle,6
nicety,6
nuance,6
obtuse,6
Opaque,6
ordain,6
ornate,6
pacify,6
Pallid,6
pariah,6
parity,6
perish,6
pilfer,6
pinion,6
podium,6
polity,6
Précis,6
pucker,6
pummel,6
Pundit,6
purvey,6
quaint,6
rakish,6
ramify,6
rancor,6
rankle,6
ratify,6
rebuke,6
Recant,6
remiss,6
Repast,6
repeal,6
repine,6
retort,6
ripple,6
Rococo,6
rubric,6
satire,6
Savant,6
seemly,6
seethe,6
simper,6
slight,6
sluice,6
stanch,6
Stigma,6
stolid,6
succor,6
sultry,6
Supine,6
swerve,6
Syntax,6
Tawdry,6
thrall,6
throng,6
tirade,6
torpid,6
Torrid,6
turbid,6
tureen,6
turgid,6
upshot,6
Urbane,6
vacate,6
vagary,6
vassal,6
venial,6
vilify,6
visage,6
viscid,6
waffle,6
wanton,6
warble,6
waylay,6
Welter,6
Winnow,6
wraith,6
yeoman,6
zealot,6
zenith,6
zephyr,6
abase,5
Abate,5
adage,5
Adept,5
alias,5
allay,5
annex,5
assay,5
axiom,5
banal,5
bandy,5
belie,5
bland,5
boast,5
brawn,5
brook,5
buxom,5
cabal,5
cameo,5
canon,5
canto,5
chaff,5
chary,5
chide,5
Choir,5
covet,5
cower,5
cozen,5
credo,5
crone,5
Dacha,5
Deign,5
delve,5
Demur,5
dense,5
dingy,5
dirge,5
dregs,5
Droll,5
dross,5
edict,5
Edify,5
elegy,5
elude,5
emend,5
Endow,5
endue,5
ensue,5
erode,5
exalt,5
extol,5
filch,5
Flail,5
flair,5
Fluke,5
foist,5
Gaffe,5
gaunt,5
Gouge,5
gripe,5
Groke,5
grove,5
gruel,5
gusto,5
gusty,5
hoary,5
horde,5
Idyll,5
Imbue,5
impel,5
inane,5
Inert,5
inure,5
Kapel,5
knack,5
knell,5
knoll,5
Leery,5
loath,5
lofty,5
maxim,5
Mince,5
Mirth,5
mores,5
nadir,5
Natty,5
Nexus,5
odium,5
onset,5
Opine,5
Paean,5
parry,5
passe,5
pious,5
Pique,5
pithy,5
plumb,5
preen,5
prone,5
Proxy,5
prude,5
purse,5
Quack,5
quaff,5
quail,5
Qualm,5
Quell,5
ravel,5
rebus,5
rider,5
Rural,5
siege,5
Sixth,5
spate,5
staid,5
steep,5
stint,5
stump,5
sully,5
surly,5
tarry,5
Terse,5
toady,5
Toska,5
tract,5
tread,5
trite,5
troth,5
usurp,5
vapid,5
waive,5
whorl,5
wreak,5
abet,4
abut,4
acme,4
Agog,4
aide,4
aria,4
bane,4
bate,4
Bevy,4
bilk,4
bolt,4
Boor,4
cant,4
carp,4
cede,4
cite,4
clad,4
coax,4
Coda,4
dais,4
dint,4
Doff,4
Dote,4
dour,4
Eddy,4
fare,4
flay,4
foil,4
ford,4
fray,4
gale,4
Gall,4
gawk,4
gibe,4
gird,4
Gist,4
glib,4
Goad,4
hale,4
heed,4
jibe,4
lode,4
Loll,4
lout,4
maul,4
mien,4
Mire,4
mite,4
moot,4
mote,4
muse,4
pall,4
peon,4
pert,4
Pine,4
plus,4
pomp,4
Pyre,4
quip,4
rail,4
rapt,4
rave,4
rend,4
rife,4
rile,4
roil,4
rout,4
ruse,4
sate,4
slay,4
slew,4
spat,4
teem,4
toil,4
tome,4
Tout,4
Tyro,4
Waft,4
welt,4
Whet,4
wily,4
wont,4
yoke,4
Zeal,4
apt,3
coy,3
ebb,3
fad,3
hew,3
jet,3
Lax,3
Mal,3
Mar,3
sob,3
vat,3
vex,3
wax,3
wry,3